user_id,product_id,product_name,product_category,price,purchase_history,user_clicks,ratings
user_1,product_1,Product 1,Furniture,229.52,Yes,16,4.2
user_2,product_2,Product 2,Groceries,274.96,No,45,4.0
user_3,product_3,Product 3,Clothing,397.0,No,6,1.3
user_4,product_4,Product 4,Clothing,336.8,Yes,62,4.5
user_5,product_5,Product 5,Groceries,375.44,Yes,67,1.2
user_6,product_6,Product 6,Furniture,494.26,No,79,2.4
user_7,product_7,Product 7,Books,238.68,Yes,28,4.6
user_8,product_8,Product 8,Clothing,285.8,No,42,2.7
user_9,product_9,Product 9,Clothing,417.02,No,99,2.4
user_10,product_10,Product 10,Furniture,64.01,No,83,4.1
user_11,product_11,Product 11,Clothing,259.19,No,89,3.0
user_12,product_12,Product 12,Furniture,451.54,Yes,74,2.5
user_13,product_13,Product 13,Groceries,96.34,Yes,41,3.1
user_14,product_14,Product 14,Clothing,227.72,No,20,3.6
user_15,product_15,Product 15,Groceries,178.65,No,83,4.0
user_16,product_16,Product 16,Electronics,177.84,Yes,46,4.4
user_17,product_17,Product 17,Groceries,100.52,Yes,44,2.6
user_18,product_18,Product 18,Clothing,339.31,Yes,100,1.5
user_19,product_19,Product 19,Clothing,41.67,No,83,1.4
user_20,product_20,Product 20,Electronics,196.75,Yes,17,3.0
user_21,product_21,Product 21,Books,343.08,Yes,69,4.7
user_22,product_22,Product 22,Electronics,26.63,Yes,89,3.7
user_23,product_23,Product 23,Clothing,361.3,Yes,27,4.5
user_24,product_24,Product 24,Clothing,66.99,Yes,76,3.8
user_25,product_25,Product 25,Clothing,94.71,Yes,53,1.5
user_26,product_26,Product 26,Groceries,357.65,No,33,3.2
user_27,product_27,Product 27,Books,496.02,No,58,3.9
user_28,product_28,Product 28,Furniture,130.69,Yes,40,4.6
user_29,product_29,Product 29,Groceries,419.62,No,43,3.3
user_30,product_30,Product 30,Books,450.92,Yes,44,1.5
user_31,product_31,Product 31,Clothing,78.67,No,98,2.2
user_32,product_32,Product 32,Books,29.4,No,4,4.1
user_33,product_33,Product 33,Electronics,411.15,Yes,10,1.9
user_34,product_34,Product 34,Groceries,247.1,No,47,2.5
user_35,product_35,Product 35,Groceries,336.9,Yes,77,2.0
user_36,product_36,Product 36,Clothing,107.17,Yes,8,3.0
user_37,product_37,Product 37,Groceries,388.53,No,18,1.6
user_38,product_38,Product 38,Books,257.89,Yes,8,3.0
user_39,product_39,Product 39,Books,27.02,No,38,4.3
user_40,product_40,Product 40,Books,136.25,Yes,87,1.1
user_41,product_41,Product 41,Clothing,121.16,Yes,84,3.8
user_42,product_42,Product 42,Electronics,481.2,Yes,71,2.0
user_43,product_43,Product 43,Groceries,214.7,No,80,1.2
user_44,product_44,Product 44,Furniture,115.43,No,75,3.2
user_45,product_45,Product 45,Clothing,393.85,No,93,1.7
user_46,product_46,Product 46,Books,40.25,Yes,33,3.4
user_47,product_47,Product 47,Furniture,213.06,No,94,4.5
user_48,product_48,Product 48,Books,380.78,Yes,61,3.2
user_49,product_49,Product 49,Furniture,321.44,Yes,42,2.5
user_50,product_50,Product 50,Clothing,139.68,No,91,1.4
user_51,product_51,Product 51,Groceries,347.67,No,67,3.0
user_52,product_52,Product 52,Books,356.17,No,81,1.9
user_53,product_53,Product 53,Groceries,478.96,Yes,60,2.0
user_54,product_54,Product 54,Groceries,476.04,No,1,4.9
user_55,product_55,Product 55,Clothing,275.49,No,72,1.9
user_56,product_56,Product 56,Furniture,358.33,Yes,51,2.8
user_57,product_57,Product 57,Groceries,453.99,Yes,23,2.1
user_58,product_58,Product 58,Books,225.56,Yes,69,2.0
user_59,product_59,Product 59,Books,170.26,No,74,3.4
user_60,product_60,Product 60,Clothing,344.99,Yes,80,2.4
user_61,product_61,Product 61,Clothing,130.0,No,40,4.0
user_62,product_62,Product 62,Books,287.87,No,34,2.6
user_63,product_63,Product 63,Books,193.94,No,55,2.2
user_64,product_64,Product 64,Electronics,130.14,Yes,59,3.1
user_65,product_65,Product 65,Clothing,51.84,Yes,67,4.4
user_66,product_66,Product 66,Clothing,401.02,No,92,1.9
user_67,product_67,Product 67,Books,308.49,Yes,91,1.0
user_68,product_68,Product 68,Electronics,469.13,Yes,41,1.9
user_69,product_69,Product 69,Books,375.48,Yes,45,1.0
user_70,product_70,Product 70,Books,466.72,Yes,42,4.1
user_71,product_71,Product 71,Groceries,178.64,Yes,61,2.1
user_72,product_72,Product 72,Clothing,87.84,No,77,4.2
user_73,product_73,Product 73,Books,470.99,Yes,67,1.5
user_74,product_74,Product 74,Furniture,323.49,No,12,4.6
user_75,product_75,Product 75,Clothing,262.22,Yes,44,3.1
user_76,product_76,Product 76,Electronics,242.57,Yes,67,3.5
user_77,product_77,Product 77,Electronics,62.89,No,90,4.6
user_78,product_78,Product 78,Clothing,314.7,Yes,17,1.3
user_79,product_79,Product 79,Electronics,474.06,Yes,99,3.9
user_80,product_80,Product 80,Clothing,25.41,Yes,75,1.4
user_81,product_81,Product 81,Furniture,211.74,Yes,33,4.2
user_82,product_82,Product 82,Clothing,301.77,No,59,1.2
user_83,product_83,Product 83,Clothing,138.63,No,4,4.2
user_84,product_84,Product 84,Clothing,19.98,Yes,61,3.7
user_85,product_85,Product 85,Electronics,457.2,No,81,1.8
user_86,product_86,Product 86,Clothing,25.21,Yes,27,3.5
user_87,product_87,Product 87,Clothing,122.18,Yes,46,2.0
user_88,product_88,Product 88,Clothing,241.78,No,59,1.8
user_89,product_89,Product 89,Electronics,239.47,Yes,55,4.3
user_90,product_90,Product 90,Clothing,171.7,Yes,92,2.8
user_91,product_91,Product 91,Furniture,294.16,Yes,13,2.1
user_92,product_92,Product 92,Books,316.4,Yes,24,1.5
user_93,product_93,Product 93,Electronics,278.65,Yes,46,4.4
user_94,product_94,Product 94,Groceries,196.53,No,17,4.5
user_95,product_95,Product 95,Groceries,453.22,Yes,15,2.3
user_96,product_96,Product 96,Groceries,34.11,Yes,11,5.0
user_97,product_97,Product 97,Books,482.41,Yes,62,1.1
user_98,product_98,Product 98,Books,258.65,Yes,4,3.8
user_99,product_99,Product 99,Electronics,6.27,No,43,3.9
user_100,product_100,Product 100,Books,302.66,No,19,3.8
user_101,product_101,Product 101,Books,82.75,No,65,3.4
user_102,product_102,Product 102,Furniture,63.39,No,39,1.8
user_103,product_103,Product 103,Furniture,227.13,Yes,9,2.6
user_104,product_104,Product 104,Electronics,69.82,Yes,6,2.3
user_105,product_105,Product 105,Books,284.29,No,83,4.1
user_106,product_106,Product 106,Books,326.58,No,81,1.4
user_107,product_107,Product 107,Electronics,49.79,Yes,85,4.7
user_108,product_108,Product 108,Clothing,214.01,Yes,37,1.8
user_109,product_109,Product 109,Groceries,340.39,No,40,3.8
user_110,product_110,Product 110,Furniture,217.06,No,89,3.2
user_111,product_111,Product 111,Clothing,498.19,Yes,83,1.8
user_112,product_112,Product 112,Clothing,332.65,No,2,2.0
user_113,product_113,Product 113,Furniture,280.91,No,42,3.0
user_114,product_114,Product 114,Clothing,35.2,No,50,1.4
user_115,product_115,Product 115,Clothing,477.45,Yes,22,5.0
user_116,product_116,Product 116,Books,81.0,Yes,97,4.0
user_117,product_117,Product 117,Furniture,224.35,Yes,80,4.8
user_118,product_118,Product 118,Electronics,411.87,No,8,2.1
user_119,product_119,Product 119,Furniture,231.65,No,68,3.6
user_120,product_120,Product 120,Clothing,351.21,Yes,41,2.0
user_121,product_121,Product 121,Books,247.61,No,52,3.5
user_122,product_122,Product 122,Groceries,399.16,Yes,28,4.8
user_123,product_123,Product 123,Furniture,239.55,No,53,4.7
user_124,product_124,Product 124,Clothing,75.66,Yes,69,4.3
user_125,product_125,Product 125,Electronics,17.43,No,99,4.1
user_126,product_126,Product 126,Books,34.76,Yes,42,4.5
user_127,product_127,Product 127,Books,18.28,Yes,13,4.2
user_128,product_128,Product 128,Books,286.23,Yes,50,3.9
user_129,product_129,Product 129,Books,192.37,Yes,77,3.2
user_130,product_130,Product 130,Books,70.35,No,77,1.5
user_131,product_131,Product 131,Furniture,106.97,No,40,1.2
user_132,product_132,Product 132,Electronics,141.59,Yes,50,2.0
user_133,product_133,Product 133,Books,257.4,Yes,93,3.9
user_134,product_134,Product 134,Books,116.84,Yes,13,3.2
user_135,product_135,Product 135,Furniture,419.93,No,35,2.4
user_136,product_136,Product 136,Furniture,106.53,Yes,77,2.7
user_137,product_137,Product 137,Electronics,9.74,Yes,72,1.3
user_138,product_138,Product 138,Furniture,211.37,No,51,2.2
user_139,product_139,Product 139,Electronics,389.55,No,11,1.5
user_140,product_140,Product 140,Clothing,484.01,No,41,2.3
user_141,product_141,Product 141,Groceries,386.31,No,85,1.2
user_142,product_142,Product 142,Furniture,318.31,No,2,3.6
user_143,product_143,Product 143,Furniture,256.6,Yes,93,4.2
user_144,product_144,Product 144,Clothing,330.69,Yes,56,2.0
user_145,product_145,Product 145,Groceries,254.78,Yes,69,2.2
user_146,product_146,Product 146,Electronics,310.12,Yes,65,3.1
user_147,product_147,Product 147,Clothing,487.6,No,97,2.6
user_148,product_148,Product 148,Electronics,315.25,No,74,1.7
user_149,product_149,Product 149,Groceries,321.08,Yes,8,2.8
user_150,product_150,Product 150,Books,417.24,Yes,17,2.3
user_151,product_151,Product 151,Electronics,30.17,No,68,4.4
user_152,product_152,Product 152,Electronics,105.12,No,9,1.0
user_153,product_153,Product 153,Books,203.56,No,49,2.6
user_154,product_154,Product 154,Electronics,45.95,Yes,63,5.0
user_155,product_155,Product 155,Clothing,355.59,Yes,67,3.1
user_156,product_156,Product 156,Furniture,438.04,No,79,1.6
user_157,product_157,Product 157,Electronics,466.52,No,56,4.4
user_158,product_158,Product 158,Groceries,449.71,Yes,93,4.8
user_159,product_159,Product 159,Furniture,434.64,Yes,1,2.1
user_160,product_160,Product 160,Clothing,257.19,Yes,66,1.5
user_161,product_161,Product 161,Electronics,63.42,Yes,9,2.6
user_162,product_162,Product 162,Groceries,211.52,Yes,61,1.8
user_163,product_163,Product 163,Electronics,280.8,No,69,3.6
user_164,product_164,Product 164,Furniture,311.71,Yes,45,4.7
user_165,product_165,Product 165,Clothing,360.91,No,21,4.2
user_166,product_166,Product 166,Books,37.87,Yes,32,3.2
user_167,product_167,Product 167,Books,140.09,No,28,3.4
user_168,product_168,Product 168,Electronics,36.14,Yes,58,3.6
user_169,product_169,Product 169,Electronics,241.0,Yes,63,3.6
user_170,product_170,Product 170,Clothing,416.43,Yes,23,3.6
user_171,product_171,Product 171,Furniture,227.25,No,33,3.4
user_172,product_172,Product 172,Groceries,291.62,No,71,3.6
user_173,product_173,Product 173,Electronics,202.59,Yes,31,1.5
user_174,product_174,Product 174,Groceries,385.59,No,52,4.0
user_175,product_175,Product 175,Electronics,376.2,Yes,67,3.0
user_176,product_176,Product 176,Clothing,46.43,No,37,4.1
user_177,product_177,Product 177,Clothing,130.62,Yes,43,4.1
user_178,product_178,Product 178,Books,41.55,Yes,7,3.9
user_179,product_179,Product 179,Clothing,110.06,Yes,20,1.9
user_180,product_180,Product 180,Books,275.22,No,9,3.4
user_181,product_181,Product 181,Clothing,353.95,No,57,3.2
user_182,product_182,Product 182,Furniture,401.34,No,48,3.4
user_183,product_183,Product 183,Furniture,24.99,Yes,40,4.5
user_184,product_184,Product 184,Clothing,166.92,Yes,28,3.1
user_185,product_185,Product 185,Clothing,99.39,Yes,8,4.2
user_186,product_186,Product 186,Books,393.47,No,28,2.1
user_187,product_187,Product 187,Clothing,52.58,Yes,48,4.0
user_188,product_188,Product 188,Books,404.47,Yes,28,1.1
user_189,product_189,Product 189,Books,11.56,No,27,1.7
user_190,product_190,Product 190,Furniture,227.47,Yes,10,3.1
user_191,product_191,Product 191,Furniture,248.63,No,17,2.5
user_192,product_192,Product 192,Books,377.36,No,65,4.0
user_193,product_193,Product 193,Electronics,402.44,Yes,92,2.4
user_194,product_194,Product 194,Electronics,135.15,Yes,17,4.8
user_195,product_195,Product 195,Electronics,232.46,No,91,4.7
user_196,product_196,Product 196,Books,49.35,No,33,1.6
user_197,product_197,Product 197,Groceries,413.94,No,73,1.3
user_198,product_198,Product 198,Furniture,21.13,Yes,26,1.7
user_199,product_199,Product 199,Clothing,431.05,Yes,95,2.7
user_200,product_200,Product 200,Groceries,40.46,No,59,3.0
user_201,product_201,Product 201,Groceries,340.77,Yes,86,2.8
user_202,product_202,Product 202,Furniture,91.66,Yes,3,2.1
user_203,product_203,Product 203,Groceries,489.76,Yes,77,3.2
user_204,product_204,Product 204,Books,294.51,No,35,4.8
user_205,product_205,Product 205,Clothing,164.88,Yes,59,4.0
user_206,product_206,Product 206,Electronics,201.35,Yes,51,2.5
user_207,product_207,Product 207,Groceries,494.98,Yes,46,3.0
user_208,product_208,Product 208,Furniture,89.78,Yes,92,3.3
user_209,product_209,Product 209,Furniture,271.24,No,22,2.2
user_210,product_210,Product 210,Books,95.85,Yes,80,4.6
user_211,product_211,Product 211,Electronics,320.27,No,34,2.2
user_212,product_212,Product 212,Books,132.3,No,99,1.4
user_213,product_213,Product 213,Electronics,178.91,No,55,1.2
user_214,product_214,Product 214,Electronics,151.25,No,85,4.4
user_215,product_215,Product 215,Furniture,35.0,No,29,1.8
user_216,product_216,Product 216,Furniture,99.2,No,13,1.1
user_217,product_217,Product 217,Electronics,457.58,No,2,3.0
user_218,product_218,Product 218,Clothing,23.09,Yes,36,2.9
user_219,product_219,Product 219,Electronics,372.78,Yes,23,4.5
user_220,product_220,Product 220,Furniture,355.17,No,8,2.5
user_221,product_221,Product 221,Electronics,164.53,No,31,1.9
user_222,product_222,Product 222,Furniture,159.6,No,49,4.1
user_223,product_223,Product 223,Electronics,479.45,No,58,3.0
user_224,product_224,Product 224,Clothing,255.81,No,42,1.5
user_225,product_225,Product 225,Furniture,289.87,Yes,88,2.0
user_226,product_226,Product 226,Clothing,117.4,Yes,67,4.2
user_227,product_227,Product 227,Clothing,130.53,No,21,3.6
user_228,product_228,Product 228,Electronics,457.56,No,46,1.6
user_229,product_229,Product 229,Groceries,69.21,No,19,4.2
user_230,product_230,Product 230,Groceries,127.07,No,56,3.0
user_231,product_231,Product 231,Electronics,201.34,Yes,40,1.8
user_232,product_232,Product 232,Groceries,438.81,No,59,2.7
user_233,product_233,Product 233,Electronics,334.95,Yes,69,2.6
user_234,product_234,Product 234,Groceries,370.07,No,13,4.2
user_235,product_235,Product 235,Books,349.49,Yes,39,2.8
user_236,product_236,Product 236,Clothing,357.73,Yes,56,2.5
user_237,product_237,Product 237,Electronics,215.13,No,70,2.5
user_238,product_238,Product 238,Electronics,391.48,Yes,33,1.2
user_239,product_239,Product 239,Books,58.76,No,38,2.7
user_240,product_240,Product 240,Furniture,241.62,Yes,72,2.1
user_241,product_241,Product 241,Groceries,80.74,Yes,31,3.2
user_242,product_242,Product 242,Books,321.81,No,97,4.2
user_243,product_243,Product 243,Books,200.16,No,64,2.5
user_244,product_244,Product 244,Books,209.13,No,36,1.2
user_245,product_245,Product 245,Books,279.11,Yes,29,2.6
user_246,product_246,Product 246,Furniture,149.42,Yes,38,3.1
user_247,product_247,Product 247,Books,140.46,Yes,3,1.3
user_248,product_248,Product 248,Furniture,216.68,No,47,4.7
user_249,product_249,Product 249,Books,218.13,No,90,2.4
user_250,product_250,Product 250,Furniture,193.49,No,62,4.0
user_251,product_251,Product 251,Books,64.1,Yes,64,1.1
user_252,product_252,Product 252,Electronics,417.19,Yes,31,4.7
user_253,product_253,Product 253,Groceries,5.51,No,62,2.6
user_254,product_254,Product 254,Furniture,459.77,Yes,53,2.1
user_255,product_255,Product 255,Clothing,320.05,No,44,4.8
user_256,product_256,Product 256,Furniture,302.36,No,30,2.6
user_257,product_257,Product 257,Books,496.71,No,56,3.3
user_258,product_258,Product 258,Furniture,298.11,Yes,78,4.2
user_259,product_259,Product 259,Books,146.12,No,34,3.5
user_260,product_260,Product 260,Groceries,490.75,No,63,2.2
user_261,product_261,Product 261,Electronics,101.14,No,42,3.3
user_262,product_262,Product 262,Furniture,469.36,Yes,54,1.5
user_263,product_263,Product 263,Clothing,28.17,Yes,55,3.4
user_264,product_264,Product 264,Furniture,153.35,No,12,1.5
user_265,product_265,Product 265,Groceries,309.32,Yes,62,3.6
user_266,product_266,Product 266,Furniture,123.18,Yes,15,2.1
user_267,product_267,Product 267,Clothing,334.1,No,29,2.6
user_268,product_268,Product 268,Groceries,182.24,No,57,2.4
user_269,product_269,Product 269,Clothing,465.14,No,69,1.1
user_270,product_270,Product 270,Electronics,312.05,Yes,94,1.6
user_271,product_271,Product 271,Furniture,403.8,No,68,1.2
user_272,product_272,Product 272,Groceries,397.3,No,17,4.4
user_273,product_273,Product 273,Books,432.05,Yes,54,2.7
user_274,product_274,Product 274,Books,33.92,Yes,24,4.9
user_275,product_275,Product 275,Books,370.93,Yes,7,2.4
user_276,product_276,Product 276,Furniture,356.49,No,3,1.9
user_277,product_277,Product 277,Groceries,249.73,No,41,3.2
user_278,product_278,Product 278,Furniture,132.39,No,86,1.6
user_279,product_279,Product 279,Clothing,374.97,No,27,1.1
user_280,product_280,Product 280,Furniture,444.32,Yes,1,3.7
user_281,product_281,Product 281,Electronics,125.86,Yes,16,2.7
user_282,product_282,Product 282,Books,94.41,No,81,2.1
user_283,product_283,Product 283,Furniture,398.37,No,26,1.8
user_284,product_284,Product 284,Electronics,67.01,Yes,1,3.5
user_285,product_285,Product 285,Clothing,200.32,No,64,1.1
user_286,product_286,Product 286,Clothing,285.14,Yes,58,2.0
user_287,product_287,Product 287,Books,271.83,No,67,3.9
user_288,product_288,Product 288,Books,495.82,Yes,71,1.3
user_289,product_289,Product 289,Groceries,451.39,No,18,2.9
user_290,product_290,Product 290,Books,210.28,No,84,3.3
user_291,product_291,Product 291,Clothing,107.99,No,34,5.0
user_292,product_292,Product 292,Furniture,206.65,Yes,97,4.3
user_293,product_293,Product 293,Electronics,33.13,No,36,3.6
user_294,product_294,Product 294,Clothing,167.85,Yes,41,4.5
user_295,product_295,Product 295,Electronics,486.67,No,46,2.2
user_296,product_296,Product 296,Furniture,354.59,Yes,20,3.0
user_297,product_297,Product 297,Furniture,443.46,Yes,12,4.0
user_298,product_298,Product 298,Groceries,219.72,Yes,28,2.3
user_299,product_299,Product 299,Electronics,340.49,Yes,99,2.2
user_300,product_300,Product 300,Electronics,336.7,No,36,1.1
user_301,product_301,Product 301,Furniture,165.32,Yes,94,3.5
user_302,product_302,Product 302,Furniture,437.07,No,48,4.8
user_303,product_303,Product 303,Clothing,407.23,Yes,70,3.6
user_304,product_304,Product 304,Books,177.4,No,79,1.9
user_305,product_305,Product 305,Electronics,95.32,No,16,3.3
user_306,product_306,Product 306,Books,485.85,No,72,3.2
user_307,product_307,Product 307,Clothing,453.6,Yes,76,2.9
user_308,product_308,Product 308,Books,144.21,Yes,4,1.5
user_309,product_309,Product 309,Clothing,304.6,No,6,4.1
user_310,product_310,Product 310,Electronics,21.78,No,47,4.8
user_311,product_311,Product 311,Clothing,221.86,Yes,48,4.0
user_312,product_312,Product 312,Electronics,113.68,Yes,60,4.4
user_313,product_313,Product 313,Groceries,433.86,Yes,19,4.4
user_314,product_314,Product 314,Electronics,212.02,No,62,3.0
user_315,product_315,Product 315,Furniture,92.17,No,9,2.1
user_316,product_316,Product 316,Books,400.14,Yes,75,2.2
user_317,product_317,Product 317,Clothing,79.98,Yes,38,2.6
user_318,product_318,Product 318,Furniture,361.69,No,2,1.2
user_319,product_319,Product 319,Clothing,471.49,No,70,3.6
user_320,product_320,Product 320,Electronics,110.91,No,54,3.4
user_321,product_321,Product 321,Electronics,21.31,No,100,3.2
user_322,product_322,Product 322,Furniture,362.9,Yes,71,2.1
user_323,product_323,Product 323,Clothing,72.89,Yes,33,3.0
user_324,product_324,Product 324,Furniture,344.0,Yes,86,1.0
user_325,product_325,Product 325,Books,85.53,No,94,4.3
user_326,product_326,Product 326,Groceries,5.24,Yes,93,1.1
user_327,product_327,Product 327,Furniture,470.25,No,62,4.9
user_328,product_328,Product 328,Clothing,261.54,Yes,52,2.8
user_329,product_329,Product 329,Furniture,207.88,Yes,89,4.0
user_330,product_330,Product 330,Electronics,251.15,No,100,2.3
user_331,product_331,Product 331,Books,472.84,No,83,2.1
user_332,product_332,Product 332,Electronics,36.49,No,20,2.6
user_333,product_333,Product 333,Electronics,456.39,Yes,36,3.5
user_334,product_334,Product 334,Furniture,49.53,No,49,1.5
user_335,product_335,Product 335,Furniture,437.25,No,11,4.8
user_336,product_336,Product 336,Groceries,326.06,No,67,1.0
user_337,product_337,Product 337,Electronics,181.98,Yes,86,3.7
user_338,product_338,Product 338,Clothing,42.29,No,24,3.1
user_339,product_339,Product 339,Groceries,402.7,Yes,34,4.3
user_340,product_340,Product 340,Clothing,269.13,Yes,2,3.5
user_341,product_341,Product 341,Books,91.91,Yes,11,4.9
user_342,product_342,Product 342,Groceries,275.66,Yes,51,2.2
user_343,product_343,Product 343,Furniture,161.35,Yes,91,4.2
user_344,product_344,Product 344,Groceries,465.21,No,73,4.8
user_345,product_345,Product 345,Electronics,188.16,No,8,4.7
user_346,product_346,Product 346,Books,467.36,No,43,1.8
user_347,product_347,Product 347,Furniture,223.2,Yes,85,3.3
user_348,product_348,Product 348,Books,56.0,Yes,82,1.2
user_349,product_349,Product 349,Books,37.32,No,4,2.6
user_350,product_350,Product 350,Books,487.3,No,1,1.3
user_351,product_351,Product 351,Books,29.32,Yes,33,2.9
user_352,product_352,Product 352,Books,479.41,No,36,3.8
user_353,product_353,Product 353,Books,60.66,Yes,62,3.1
user_354,product_354,Product 354,Groceries,331.6,Yes,85,3.4
user_355,product_355,Product 355,Furniture,289.32,No,84,3.7
user_356,product_356,Product 356,Furniture,132.35,Yes,76,4.0
user_357,product_357,Product 357,Clothing,20.58,No,94,2.8
user_358,product_358,Product 358,Furniture,73.79,No,36,1.7
user_359,product_359,Product 359,Groceries,448.69,No,64,3.3
user_360,product_360,Product 360,Books,398.61,Yes,48,3.0
user_361,product_361,Product 361,Groceries,375.74,No,24,4.6
user_362,product_362,Product 362,Furniture,358.51,No,93,1.6
user_363,product_363,Product 363,Clothing,198.72,No,10,4.7
user_364,product_364,Product 364,Furniture,239.68,No,78,2.1
user_365,product_365,Product 365,Furniture,307.65,Yes,95,1.5
user_366,product_366,Product 366,Books,438.56,Yes,58,1.4
user_367,product_367,Product 367,Electronics,57.56,Yes,55,1.9
user_368,product_368,Product 368,Books,37.41,No,90,3.5
user_369,product_369,Product 369,Books,65.58,Yes,13,1.6
user_370,product_370,Product 370,Groceries,7.34,No,41,4.1
user_371,product_371,Product 371,Clothing,280.69,Yes,92,5.0
user_372,product_372,Product 372,Groceries,308.75,Yes,76,2.4
user_373,product_373,Product 373,Electronics,359.86,Yes,35,3.6
user_374,product_374,Product 374,Groceries,94.46,Yes,26,1.6
user_375,product_375,Product 375,Clothing,122.62,Yes,42,1.7
user_376,product_376,Product 376,Furniture,283.46,No,3,2.2
user_377,product_377,Product 377,Clothing,95.14,Yes,51,2.4
user_378,product_378,Product 378,Electronics,362.15,Yes,74,1.1
user_379,product_379,Product 379,Furniture,316.42,Yes,85,2.6
user_380,product_380,Product 380,Clothing,278.43,Yes,20,3.9
user_381,product_381,Product 381,Books,497.77,No,99,2.2
user_382,product_382,Product 382,Groceries,118.48,Yes,95,1.9
user_383,product_383,Product 383,Clothing,115.99,No,71,3.2
user_384,product_384,Product 384,Groceries,457.95,Yes,61,2.3
user_385,product_385,Product 385,Clothing,432.49,Yes,35,3.1
user_386,product_386,Product 386,Clothing,94.04,No,16,3.1
user_387,product_387,Product 387,Groceries,416.37,No,59,4.1
user_388,product_388,Product 388,Furniture,37.75,No,32,2.0
user_389,product_389,Product 389,Books,24.1,Yes,16,3.6
user_390,product_390,Product 390,Electronics,467.65,Yes,50,3.4
user_391,product_391,Product 391,Furniture,479.74,No,69,1.5
user_392,product_392,Product 392,Electronics,254.37,No,59,4.6
user_393,product_393,Product 393,Electronics,272.74,No,80,3.8
user_394,product_394,Product 394,Electronics,400.79,Yes,86,3.1
user_395,product_395,Product 395,Groceries,356.44,No,68,2.7
user_396,product_396,Product 396,Electronics,443.48,Yes,4,3.9
user_397,product_397,Product 397,Clothing,425.55,Yes,99,2.0
user_398,product_398,Product 398,Groceries,312.79,No,63,4.8
user_399,product_399,Product 399,Furniture,265.91,No,29,3.4
user_400,product_400,Product 400,Groceries,235.36,No,70,2.7
user_401,product_401,Product 401,Books,20.35,Yes,98,2.8
user_402,product_402,Product 402,Furniture,477.23,No,43,3.7
user_403,product_403,Product 403,Electronics,267.4,Yes,63,1.6
user_404,product_404,Product 404,Furniture,296.15,Yes,97,4.3
user_405,product_405,Product 405,Furniture,252.25,Yes,89,1.7
user_406,product_406,Product 406,Clothing,257.56,No,54,4.3
user_407,product_407,Product 407,Electronics,419.32,Yes,49,4.2
user_408,product_408,Product 408,Electronics,348.97,Yes,77,1.5
user_409,product_409,Product 409,Electronics,5.34,No,46,3.1
user_410,product_410,Product 410,Groceries,288.47,No,90,4.0
user_411,product_411,Product 411,Clothing,414.81,No,66,2.6
user_412,product_412,Product 412,Furniture,10.79,No,68,1.4
user_413,product_413,Product 413,Furniture,175.82,No,18,2.1
user_414,product_414,Product 414,Furniture,153.12,No,63,3.4
user_415,product_415,Product 415,Clothing,44.96,No,57,3.6
user_416,product_416,Product 416,Books,26.98,Yes,35,3.1
user_417,product_417,Product 417,Books,146.07,Yes,33,4.7
user_418,product_418,Product 418,Furniture,28.93,Yes,18,4.8
user_419,product_419,Product 419,Electronics,166.92,Yes,58,3.4
user_420,product_420,Product 420,Furniture,298.98,Yes,10,2.1
user_421,product_421,Product 421,Groceries,403.41,No,98,2.4
user_422,product_422,Product 422,Furniture,385.83,Yes,43,1.2
user_423,product_423,Product 423,Clothing,206.48,Yes,69,2.8
user_424,product_424,Product 424,Groceries,38.13,No,33,1.9
user_425,product_425,Product 425,Groceries,257.97,Yes,98,4.5
user_426,product_426,Product 426,Books,17.57,No,5,2.9
user_427,product_427,Product 427,Electronics,442.94,No,52,3.3
user_428,product_428,Product 428,Groceries,462.23,No,98,1.1
user_429,product_429,Product 429,Electronics,416.69,Yes,59,1.3
user_430,product_430,Product 430,Electronics,448.78,Yes,16,2.2
user_431,product_431,Product 431,Furniture,158.2,No,1,1.1
user_432,product_432,Product 432,Books,122.47,Yes,33,1.9
user_433,product_433,Product 433,Furniture,215.15,Yes,2,4.0
user_434,product_434,Product 434,Electronics,499.07,Yes,93,2.7
user_435,product_435,Product 435,Electronics,374.87,No,46,2.5
user_436,product_436,Product 436,Clothing,150.3,Yes,56,3.5
user_437,product_437,Product 437,Furniture,209.03,Yes,92,2.4
user_438,product_438,Product 438,Books,444.79,Yes,33,1.2
user_439,product_439,Product 439,Furniture,491.55,No,28,2.3
user_440,product_440,Product 440,Books,449.05,No,4,2.0
user_441,product_441,Product 441,Clothing,41.23,Yes,95,1.2
user_442,product_442,Product 442,Groceries,228.38,Yes,43,3.3
user_443,product_443,Product 443,Groceries,281.81,Yes,76,2.9
user_444,product_444,Product 444,Books,61.64,No,21,2.0
user_445,product_445,Product 445,Electronics,145.89,No,48,4.0
user_446,product_446,Product 446,Furniture,105.35,Yes,36,1.8
user_447,product_447,Product 447,Electronics,203.61,No,90,1.4
user_448,product_448,Product 448,Clothing,146.31,Yes,74,3.2
user_449,product_449,Product 449,Groceries,328.08,No,21,4.4
user_450,product_450,Product 450,Furniture,213.23,Yes,83,2.9
user_451,product_451,Product 451,Electronics,114.2,Yes,56,2.4
user_452,product_452,Product 452,Books,294.57,No,20,3.8
user_453,product_453,Product 453,Books,50.98,Yes,79,3.8
user_454,product_454,Product 454,Furniture,288.52,Yes,34,2.2
user_455,product_455,Product 455,Books,59.07,No,14,4.0
user_456,product_456,Product 456,Furniture,305.44,No,5,4.9
user_457,product_457,Product 457,Groceries,497.97,No,76,3.3
user_458,product_458,Product 458,Groceries,103.5,Yes,15,4.3
user_459,product_459,Product 459,Books,395.08,Yes,13,1.2
user_460,product_460,Product 460,Furniture,410.2,No,82,1.9
user_461,product_461,Product 461,Groceries,143.11,Yes,25,4.7
user_462,product_462,Product 462,Books,351.42,No,63,1.3
user_463,product_463,Product 463,Clothing,360.87,No,38,2.8
user_464,product_464,Product 464,Clothing,269.76,No,70,1.7
user_465,product_465,Product 465,Clothing,34.9,Yes,73,3.2
user_466,product_466,Product 466,Electronics,116.48,No,43,3.3
user_467,product_467,Product 467,Clothing,461.4,Yes,8,1.8
user_468,product_468,Product 468,Clothing,338.19,No,7,2.5
user_469,product_469,Product 469,Furniture,170.17,No,50,2.5
user_470,product_470,Product 470,Furniture,267.77,Yes,52,1.8
user_471,product_471,Product 471,Electronics,7.46,No,3,2.8
user_472,product_472,Product 472,Electronics,121.93,No,19,4.7
user_473,product_473,Product 473,Clothing,35.88,Yes,31,2.6
user_474,product_474,Product 474,Clothing,241.97,No,49,3.6
user_475,product_475,Product 475,Groceries,113.97,No,26,2.9
user_476,product_476,Product 476,Groceries,445.77,No,55,3.9
user_477,product_477,Product 477,Furniture,281.44,No,73,1.2
user_478,product_478,Product 478,Books,449.37,No,69,2.2
user_479,product_479,Product 479,Clothing,32.65,Yes,51,2.6
user_480,product_480,Product 480,Electronics,385.66,No,2,4.4
user_481,product_481,Product 481,Books,410.34,Yes,90,2.7
user_482,product_482,Product 482,Furniture,189.8,No,64,4.8
user_483,product_483,Product 483,Groceries,33.94,Yes,18,3.7
user_484,product_484,Product 484,Furniture,270.16,Yes,51,1.9
user_485,product_485,Product 485,Clothing,454.6,Yes,64,2.3
user_486,product_486,Product 486,Furniture,359.23,Yes,98,2.5
user_487,product_487,Product 487,Furniture,231.77,No,3,4.6
user_488,product_488,Product 488,Furniture,44.94,Yes,38,4.7
user_489,product_489,Product 489,Groceries,493.52,Yes,95,2.8
user_490,product_490,Product 490,Electronics,75.57,Yes,58,1.4
user_491,product_491,Product 491,Electronics,162.89,No,12,1.1
user_492,product_492,Product 492,Furniture,135.4,No,26,3.6
user_493,product_493,Product 493,Groceries,407.78,Yes,13,2.7
user_494,product_494,Product 494,Books,156.02,No,14,2.1
user_495,product_495,Product 495,Books,297.93,Yes,5,2.1
user_496,product_496,Product 496,Books,189.23,Yes,27,3.8
user_497,product_497,Product 497,Books,121.88,Yes,8,3.8
user_498,product_498,Product 498,Books,327.54,Yes,85,4.6
user_499,product_499,Product 499,Books,293.8,No,9,1.1
user_500,product_500,Product 500,Books,122.94,Yes,12,2.5
user_501,product_501,Product 501,Electronics,80.95,No,55,1.1
user_502,product_502,Product 502,Furniture,24.38,Yes,85,4.9
user_503,product_503,Product 503,Electronics,28.24,Yes,35,3.8
user_504,product_504,Product 504,Clothing,351.16,No,81,3.2
user_505,product_505,Product 505,Furniture,370.89,No,58,4.8
user_506,product_506,Product 506,Books,36.63,No,9,4.8
user_507,product_507,Product 507,Electronics,429.74,No,25,5.0
user_508,product_508,Product 508,Groceries,231.32,Yes,52,2.7
user_509,product_509,Product 509,Furniture,76.41,No,21,2.4
user_510,product_510,Product 510,Furniture,361.32,No,35,4.5
user_511,product_511,Product 511,Furniture,461.36,Yes,4,1.8
user_512,product_512,Product 512,Books,254.17,Yes,57,1.3
user_513,product_513,Product 513,Groceries,160.42,No,39,4.0
user_514,product_514,Product 514,Furniture,88.81,No,28,2.3
user_515,product_515,Product 515,Electronics,61.21,No,8,1.2
user_516,product_516,Product 516,Electronics,213.96,Yes,49,3.0
user_517,product_517,Product 517,Books,28.42,Yes,76,2.1
user_518,product_518,Product 518,Groceries,113.92,No,53,2.5
user_519,product_519,Product 519,Groceries,453.13,Yes,89,4.1
user_520,product_520,Product 520,Groceries,333.31,No,1,4.7
user_521,product_521,Product 521,Electronics,212.1,Yes,37,2.2
user_522,product_522,Product 522,Electronics,164.91,Yes,83,1.6
user_523,product_523,Product 523,Clothing,12.7,No,20,4.5
user_524,product_524,Product 524,Clothing,294.24,Yes,65,1.5
user_525,product_525,Product 525,Books,157.41,No,40,2.8
user_526,product_526,Product 526,Clothing,134.99,No,73,1.3
user_527,product_527,Product 527,Clothing,277.93,Yes,31,4.9
user_528,product_528,Product 528,Electronics,388.98,No,36,3.1
user_529,product_529,Product 529,Furniture,76.14,No,12,1.9
user_530,product_530,Product 530,Electronics,336.45,No,52,1.0
user_531,product_531,Product 531,Groceries,168.97,Yes,54,3.7
user_532,product_532,Product 532,Clothing,16.41,No,10,1.7
user_533,product_533,Product 533,Furniture,400.72,Yes,46,3.8
user_534,product_534,Product 534,Electronics,402.77,Yes,78,1.5
user_535,product_535,Product 535,Groceries,219.86,Yes,2,3.0
user_536,product_536,Product 536,Groceries,437.9,Yes,92,5.0
user_537,product_537,Product 537,Clothing,310.68,No,85,2.2
user_538,product_538,Product 538,Furniture,152.56,Yes,78,1.0
user_539,product_539,Product 539,Clothing,256.5,No,4,3.8
user_540,product_540,Product 540,Groceries,380.66,Yes,54,4.2
user_541,product_541,Product 541,Clothing,273.13,No,78,2.3
user_542,product_542,Product 542,Clothing,347.13,Yes,97,3.0
user_543,product_543,Product 543,Furniture,379.07,No,29,4.8
user_544,product_544,Product 544,Electronics,64.71,No,41,2.4
user_545,product_545,Product 545,Electronics,97.44,Yes,29,4.5
user_546,product_546,Product 546,Books,352.6,Yes,51,2.1
user_547,product_547,Product 547,Groceries,378.09,No,56,2.1
user_548,product_548,Product 548,Books,436.61,Yes,11,1.9
user_549,product_549,Product 549,Electronics,366.15,No,38,2.2
user_550,product_550,Product 550,Groceries,213.95,Yes,5,1.3
user_551,product_551,Product 551,Furniture,446.56,Yes,44,4.8
user_552,product_552,Product 552,Electronics,128.38,Yes,89,1.7
user_553,product_553,Product 553,Furniture,452.43,No,29,1.3
user_554,product_554,Product 554,Books,108.63,No,39,3.8
user_555,product_555,Product 555,Electronics,277.78,No,91,1.2
user_556,product_556,Product 556,Electronics,34.57,No,62,4.9
user_557,product_557,Product 557,Books,73.61,No,26,4.4
user_558,product_558,Product 558,Books,447.93,Yes,36,1.7
user_559,product_559,Product 559,Groceries,314.75,Yes,43,3.5
user_560,product_560,Product 560,Furniture,283.05,Yes,31,3.5
user_561,product_561,Product 561,Clothing,141.1,Yes,27,4.4
user_562,product_562,Product 562,Books,279.2,No,52,2.3
user_563,product_563,Product 563,Furniture,226.56,No,46,1.8
user_564,product_564,Product 564,Books,334.54,No,16,4.5
user_565,product_565,Product 565,Groceries,170.55,Yes,22,4.2
user_566,product_566,Product 566,Clothing,179.06,No,27,4.4
user_567,product_567,Product 567,Clothing,104.75,No,67,1.2
user_568,product_568,Product 568,Electronics,477.81,Yes,80,2.3
user_569,product_569,Product 569,Books,190.95,No,77,3.9
user_570,product_570,Product 570,Electronics,335.02,No,24,3.6
user_571,product_571,Product 571,Furniture,148.36,Yes,34,4.1
user_572,product_572,Product 572,Clothing,294.49,Yes,3,1.1
user_573,product_573,Product 573,Clothing,403.29,Yes,10,3.9
user_574,product_574,Product 574,Clothing,143.13,No,58,1.6
user_575,product_575,Product 575,Clothing,41.56,No,56,3.0
user_576,product_576,Product 576,Books,146.38,Yes,59,3.5
user_577,product_577,Product 577,Books,235.74,Yes,100,3.2
user_578,product_578,Product 578,Furniture,277.88,No,51,1.8
user_579,product_579,Product 579,Clothing,54.83,Yes,96,2.4
user_580,product_580,Product 580,Books,258.93,Yes,93,2.5
user_581,product_581,Product 581,Books,213.31,Yes,23,2.2
user_582,product_582,Product 582,Furniture,487.37,No,56,3.4
user_583,product_583,Product 583,Groceries,198.39,No,34,3.2
user_584,product_584,Product 584,Electronics,243.48,No,89,1.6
user_585,product_585,Product 585,Furniture,121.17,No,30,3.1
user_586,product_586,Product 586,Books,13.93,Yes,90,1.6
user_587,product_587,Product 587,Furniture,70.78,Yes,47,1.0
user_588,product_588,Product 588,Groceries,400.85,Yes,41,2.6
user_589,product_589,Product 589,Furniture,451.91,Yes,14,4.5
user_590,product_590,Product 590,Books,204.02,Yes,10,1.9
user_591,product_591,Product 591,Groceries,285.06,Yes,7,3.6
user_592,product_592,Product 592,Furniture,37.35,No,80,1.4
user_593,product_593,Product 593,Books,374.12,No,94,3.8
user_594,product_594,Product 594,Books,236.09,No,87,2.3
user_595,product_595,Product 595,Electronics,179.12,No,56,2.2
user_596,product_596,Product 596,Groceries,15.97,No,19,2.6
user_597,product_597,Product 597,Books,189.43,Yes,43,4.7
user_598,product_598,Product 598,Books,374.43,Yes,63,1.3
user_599,product_599,Product 599,Books,53.23,Yes,14,4.6
user_600,product_600,Product 600,Clothing,304.92,Yes,25,4.2
user_601,product_601,Product 601,Furniture,449.65,No,44,2.2
user_602,product_602,Product 602,Electronics,182.66,No,24,1.3
user_603,product_603,Product 603,Books,167.73,Yes,100,3.6
user_604,product_604,Product 604,Clothing,59.22,No,41,1.1
user_605,product_605,Product 605,Clothing,362.56,Yes,46,3.7
user_606,product_606,Product 606,Electronics,174.27,Yes,38,3.7
user_607,product_607,Product 607,Books,320.28,No,79,2.7
user_608,product_608,Product 608,Clothing,312.1,Yes,16,4.4
user_609,product_609,Product 609,Groceries,399.02,No,73,4.4
user_610,product_610,Product 610,Furniture,498.19,No,35,1.2
user_611,product_611,Product 611,Groceries,478.38,Yes,38,3.4
user_612,product_612,Product 612,Groceries,339.68,No,61,2.6
user_613,product_613,Product 613,Clothing,137.7,Yes,44,4.9
user_614,product_614,Product 614,Books,173.65,Yes,37,3.4
user_615,product_615,Product 615,Groceries,155.59,Yes,27,2.0
user_616,product_616,Product 616,Furniture,480.95,Yes,15,4.1
user_617,product_617,Product 617,Clothing,264.37,No,3,4.9
user_618,product_618,Product 618,Furniture,389.66,No,57,2.9
user_619,product_619,Product 619,Electronics,252.64,Yes,21,3.9
user_620,product_620,Product 620,Clothing,291.89,No,92,2.3
user_621,product_621,Product 621,Electronics,125.18,No,60,1.9
user_622,product_622,Product 622,Clothing,377.49,Yes,73,1.8
user_623,product_623,Product 623,Books,51.02,Yes,67,2.1
user_624,product_624,Product 624,Clothing,275.06,Yes,62,4.1
user_625,product_625,Product 625,Electronics,335.51,Yes,20,1.4
user_626,product_626,Product 626,Books,217.36,Yes,49,4.7
user_627,product_627,Product 627,Clothing,314.82,Yes,92,4.9
user_628,product_628,Product 628,Furniture,487.59,No,67,3.8
user_629,product_629,Product 629,Groceries,354.58,No,96,2.3
user_630,product_630,Product 630,Books,170.36,Yes,61,4.1
user_631,product_631,Product 631,Books,213.12,Yes,60,3.9
user_632,product_632,Product 632,Electronics,382.1,Yes,98,4.4
user_633,product_633,Product 633,Groceries,26.29,Yes,34,1.1
user_634,product_634,Product 634,Furniture,395.76,No,79,4.5
user_635,product_635,Product 635,Electronics,144.79,Yes,74,3.5
user_636,product_636,Product 636,Electronics,21.95,Yes,53,1.1
user_637,product_637,Product 637,Books,58.36,No,64,3.8
user_638,product_638,Product 638,Furniture,24.94,Yes,17,2.9
user_639,product_639,Product 639,Groceries,35.71,Yes,17,4.7
user_640,product_640,Product 640,Books,369.28,No,39,1.6
user_641,product_641,Product 641,Groceries,459.96,No,88,4.4
user_642,product_642,Product 642,Clothing,291.94,No,79,4.1
user_643,product_643,Product 643,Groceries,173.88,Yes,80,1.2
user_644,product_644,Product 644,Furniture,7.6,No,67,3.6
user_645,product_645,Product 645,Clothing,352.55,Yes,3,2.0
user_646,product_646,Product 646,Electronics,487.63,Yes,17,3.6
user_647,product_647,Product 647,Books,317.05,Yes,81,3.6
user_648,product_648,Product 648,Books,184.78,Yes,96,4.5
user_649,product_649,Product 649,Electronics,295.09,Yes,61,4.4
user_650,product_650,Product 650,Furniture,440.23,No,19,2.8
user_651,product_651,Product 651,Books,202.58,Yes,27,1.5
user_652,product_652,Product 652,Clothing,52.49,No,78,2.4
user_653,product_653,Product 653,Clothing,252.36,No,18,3.4
user_654,product_654,Product 654,Electronics,289.51,Yes,58,1.9
user_655,product_655,Product 655,Groceries,272.05,No,88,2.1
user_656,product_656,Product 656,Furniture,37.25,Yes,39,2.5
user_657,product_657,Product 657,Furniture,237.87,Yes,55,4.4
user_658,product_658,Product 658,Groceries,386.35,No,65,1.7
user_659,product_659,Product 659,Furniture,449.1,No,47,3.9
user_660,product_660,Product 660,Books,361.32,No,1,2.5
user_661,product_661,Product 661,Books,275.1,No,3,1.7
user_662,product_662,Product 662,Books,113.16,No,73,2.9
user_663,product_663,Product 663,Furniture,225.33,Yes,10,4.8
user_664,product_664,Product 664,Furniture,459.88,No,3,5.0
user_665,product_665,Product 665,Books,233.95,Yes,7,3.4
user_666,product_666,Product 666,Books,45.18,No,7,2.8
user_667,product_667,Product 667,Books,456.03,No,63,4.3
user_668,product_668,Product 668,Groceries,335.52,No,27,2.2
user_669,product_669,Product 669,Furniture,400.35,No,11,4.7
user_670,product_670,Product 670,Books,91.24,Yes,92,4.8
user_671,product_671,Product 671,Books,91.53,Yes,84,4.2
user_672,product_672,Product 672,Groceries,368.59,No,44,4.2
user_673,product_673,Product 673,Groceries,164.54,Yes,40,2.4
user_674,product_674,Product 674,Furniture,40.65,No,24,2.6
user_675,product_675,Product 675,Electronics,219.98,Yes,75,5.0
user_676,product_676,Product 676,Books,116.84,No,19,4.8
user_677,product_677,Product 677,Clothing,426.32,No,30,5.0
user_678,product_678,Product 678,Groceries,75.14,No,96,1.5
user_679,product_679,Product 679,Clothing,444.56,Yes,38,1.4
user_680,product_680,Product 680,Furniture,211.24,Yes,36,3.8
user_681,product_681,Product 681,Clothing,326.46,Yes,84,4.6
user_682,product_682,Product 682,Electronics,470.84,Yes,78,5.0
user_683,product_683,Product 683,Groceries,306.63,No,18,4.1
user_684,product_684,Product 684,Books,52.09,No,100,3.6
user_685,product_685,Product 685,Groceries,387.08,No,14,4.9
user_686,product_686,Product 686,Clothing,34.84,Yes,39,4.9
user_687,product_687,Product 687,Books,99.76,No,42,2.6
user_688,product_688,Product 688,Groceries,325.98,No,27,1.5
user_689,product_689,Product 689,Groceries,353.81,Yes,84,1.4
user_690,product_690,Product 690,Electronics,209.32,No,92,2.6
user_691,product_691,Product 691,Books,278.77,No,46,3.1
user_692,product_692,Product 692,Books,174.63,Yes,93,2.4
user_693,product_693,Product 693,Clothing,156.04,Yes,52,2.4
user_694,product_694,Product 694,Furniture,164.26,Yes,91,3.6
user_695,product_695,Product 695,Clothing,69.0,No,63,4.4
user_696,product_696,Product 696,Clothing,57.48,No,91,1.5
user_697,product_697,Product 697,Furniture,322.8,No,27,1.3
user_698,product_698,Product 698,Groceries,164.37,No,56,3.5
user_699,product_699,Product 699,Books,428.06,Yes,89,1.8
user_700,product_700,Product 700,Furniture,435.87,No,80,1.4
user_701,product_701,Product 701,Electronics,96.36,Yes,75,2.6
user_702,product_702,Product 702,Furniture,145.45,Yes,44,1.4
user_703,product_703,Product 703,Furniture,458.46,No,5,1.3
user_704,product_704,Product 704,Electronics,214.59,No,2,3.6
user_705,product_705,Product 705,Clothing,171.66,No,34,4.2
user_706,product_706,Product 706,Clothing,283.62,No,41,4.1
user_707,product_707,Product 707,Books,158.76,Yes,50,4.2
user_708,product_708,Product 708,Books,148.69,Yes,59,4.9
user_709,product_709,Product 709,Electronics,235.6,No,36,1.1
user_710,product_710,Product 710,Electronics,98.77,Yes,81,3.3
user_711,product_711,Product 711,Clothing,430.55,Yes,87,1.8
user_712,product_712,Product 712,Furniture,357.49,No,10,3.3
user_713,product_713,Product 713,Furniture,326.36,Yes,1,3.6
user_714,product_714,Product 714,Electronics,374.45,Yes,45,1.7
user_715,product_715,Product 715,Clothing,352.45,Yes,77,3.0
user_716,product_716,Product 716,Furniture,263.36,Yes,4,3.6
user_717,product_717,Product 717,Electronics,95.87,Yes,58,4.4
user_718,product_718,Product 718,Electronics,137.86,No,11,4.5
user_719,product_719,Product 719,Clothing,59.68,Yes,69,4.1
user_720,product_720,Product 720,Furniture,198.82,No,7,1.2
user_721,product_721,Product 721,Electronics,325.09,Yes,49,2.5
user_722,product_722,Product 722,Electronics,368.29,Yes,10,1.1
user_723,product_723,Product 723,Clothing,419.65,Yes,77,3.8
user_724,product_724,Product 724,Groceries,119.42,No,67,2.5
user_725,product_725,Product 725,Electronics,323.1,No,79,3.7
user_726,product_726,Product 726,Groceries,279.03,Yes,42,2.2
user_727,product_727,Product 727,Electronics,415.62,Yes,37,3.6
user_728,product_728,Product 728,Books,263.45,Yes,99,4.1
user_729,product_729,Product 729,Books,80.27,Yes,79,2.4
user_730,product_730,Product 730,Groceries,75.54,Yes,67,3.9
user_731,product_731,Product 731,Books,495.2,Yes,58,2.7
user_732,product_732,Product 732,Groceries,346.16,No,16,5.0
user_733,product_733,Product 733,Books,355.49,Yes,21,4.5
user_734,product_734,Product 734,Clothing,297.74,Yes,69,5.0
user_735,product_735,Product 735,Books,289.16,Yes,31,4.6
user_736,product_736,Product 736,Books,249.53,No,28,1.0
user_737,product_737,Product 737,Clothing,52.67,No,51,2.9
user_738,product_738,Product 738,Books,340.46,Yes,49,3.5
user_739,product_739,Product 739,Clothing,143.04,No,10,1.4
user_740,product_740,Product 740,Books,346.94,Yes,15,2.4
user_741,product_741,Product 741,Furniture,293.11,No,47,3.9
user_742,product_742,Product 742,Furniture,93.06,Yes,93,3.6
user_743,product_743,Product 743,Books,315.47,No,51,2.2
user_744,product_744,Product 744,Electronics,428.24,Yes,32,4.8
user_745,product_745,Product 745,Books,450.53,Yes,40,4.7
user_746,product_746,Product 746,Clothing,132.34,No,5,4.8
user_747,product_747,Product 747,Electronics,334.14,No,73,3.8
user_748,product_748,Product 748,Groceries,432.02,No,7,4.9
user_749,product_749,Product 749,Books,209.3,No,57,2.5
user_750,product_750,Product 750,Clothing,55.15,Yes,60,3.8
user_751,product_751,Product 751,Groceries,492.51,No,83,1.1
user_752,product_752,Product 752,Electronics,467.7,No,73,2.8
user_753,product_753,Product 753,Electronics,171.85,No,95,4.2
user_754,product_754,Product 754,Books,459.14,No,88,4.8
user_755,product_755,Product 755,Books,27.81,No,76,1.4
user_756,product_756,Product 756,Electronics,104.67,Yes,41,3.9
user_757,product_757,Product 757,Furniture,32.53,No,58,3.5
user_758,product_758,Product 758,Electronics,91.76,Yes,22,3.4
user_759,product_759,Product 759,Electronics,157.11,No,70,2.5
user_760,product_760,Product 760,Groceries,499.82,No,77,4.5
user_761,product_761,Product 761,Books,340.36,No,86,4.5
user_762,product_762,Product 762,Furniture,225.2,No,40,2.5
user_763,product_763,Product 763,Furniture,234.01,Yes,74,2.4
user_764,product_764,Product 764,Books,170.66,Yes,12,3.7
user_765,product_765,Product 765,Clothing,59.4,No,88,4.5
user_766,product_766,Product 766,Furniture,167.41,No,44,2.0
user_767,product_767,Product 767,Books,67.29,No,46,1.1
user_768,product_768,Product 768,Clothing,494.94,Yes,15,2.8
user_769,product_769,Product 769,Books,322.34,No,34,4.1
user_770,product_770,Product 770,Furniture,131.94,No,82,4.7
user_771,product_771,Product 771,Electronics,90.44,No,77,3.4
user_772,product_772,Product 772,Furniture,310.74,Yes,73,2.2
user_773,product_773,Product 773,Electronics,128.46,No,42,1.4
user_774,product_774,Product 774,Groceries,321.76,Yes,87,4.7
user_775,product_775,Product 775,Books,243.88,No,21,3.6
user_776,product_776,Product 776,Books,192.41,Yes,98,2.7
user_777,product_777,Product 777,Groceries,33.46,No,51,3.7
user_778,product_778,Product 778,Electronics,296.06,Yes,21,2.8
user_779,product_779,Product 779,Furniture,224.84,Yes,93,3.2
user_780,product_780,Product 780,Groceries,328.59,No,4,1.1
user_781,product_781,Product 781,Furniture,62.99,No,45,4.4
user_782,product_782,Product 782,Clothing,334.66,No,38,4.3
user_783,product_783,Product 783,Books,323.46,Yes,28,4.5
user_784,product_784,Product 784,Furniture,385.61,No,4,4.8
user_785,product_785,Product 785,Books,208.49,No,7,3.4
user_786,product_786,Product 786,Clothing,246.46,No,82,2.9
user_787,product_787,Product 787,Electronics,379.13,No,69,3.3
user_788,product_788,Product 788,Furniture,53.85,Yes,35,2.2
user_789,product_789,Product 789,Electronics,208.11,No,19,2.3
user_790,product_790,Product 790,Furniture,437.44,Yes,79,4.8
user_791,product_791,Product 791,Groceries,196.18,No,47,1.7
user_792,product_792,Product 792,Electronics,399.63,No,79,3.0
user_793,product_793,Product 793,Clothing,285.1,Yes,89,2.3
user_794,product_794,Product 794,Clothing,376.3,No,8,3.0
user_795,product_795,Product 795,Furniture,269.83,No,41,4.0
user_796,product_796,Product 796,Books,359.73,No,37,4.7
user_797,product_797,Product 797,Books,69.66,No,31,2.3
user_798,product_798,Product 798,Electronics,419.34,No,20,1.9
user_799,product_799,Product 799,Books,319.11,No,86,4.2
user_800,product_800,Product 800,Groceries,141.82,No,1,3.8
user_801,product_801,Product 801,Books,301.04,Yes,39,1.2
user_802,product_802,Product 802,Furniture,494.73,No,100,2.4
user_803,product_803,Product 803,Furniture,308.75,No,74,2.8
user_804,product_804,Product 804,Clothing,152.35,No,64,2.1
user_805,product_805,Product 805,Furniture,222.7,No,62,1.7
user_806,product_806,Product 806,Furniture,97.44,No,25,4.0
user_807,product_807,Product 807,Furniture,146.94,Yes,2,1.6
user_808,product_808,Product 808,Groceries,50.64,Yes,82,2.4
user_809,product_809,Product 809,Furniture,480.06,Yes,43,4.0
user_810,product_810,Product 810,Clothing,59.8,No,77,1.4
user_811,product_811,Product 811,Books,264.16,No,33,3.9
user_812,product_812,Product 812,Clothing,266.54,Yes,99,3.1
user_813,product_813,Product 813,Electronics,102.95,Yes,53,3.3
user_814,product_814,Product 814,Electronics,465.96,Yes,24,4.0
user_815,product_815,Product 815,Electronics,112.36,No,54,2.6
user_816,product_816,Product 816,Books,78.3,No,1,1.5
user_817,product_817,Product 817,Electronics,476.83,No,64,1.8
user_818,product_818,Product 818,Groceries,113.1,Yes,5,3.5
user_819,product_819,Product 819,Groceries,308.58,No,40,2.2
user_820,product_820,Product 820,Groceries,369.02,No,79,4.6
user_821,product_821,Product 821,Clothing,141.18,Yes,64,4.5
user_822,product_822,Product 822,Furniture,86.23,No,4,4.1
user_823,product_823,Product 823,Electronics,389.09,No,78,2.3
user_824,product_824,Product 824,Groceries,187.16,No,76,3.6
user_825,product_825,Product 825,Books,317.84,Yes,65,3.2
user_826,product_826,Product 826,Electronics,445.85,Yes,100,2.6
user_827,product_827,Product 827,Electronics,342.54,Yes,51,2.9
user_828,product_828,Product 828,Clothing,58.18,No,15,2.1
user_829,product_829,Product 829,Clothing,220.56,No,21,2.8
user_830,product_830,Product 830,Clothing,361.53,No,57,1.8
user_831,product_831,Product 831,Groceries,227.61,Yes,80,4.8
user_832,product_832,Product 832,Furniture,262.59,Yes,54,2.3
user_833,product_833,Product 833,Books,467.16,No,64,2.8
user_834,product_834,Product 834,Electronics,193.27,Yes,77,4.3
user_835,product_835,Product 835,Clothing,271.29,Yes,21,1.7
user_836,product_836,Product 836,Furniture,258.04,No,68,3.2
user_837,product_837,Product 837,Furniture,76.64,No,37,3.8
user_838,product_838,Product 838,Books,9.09,No,24,4.9
user_839,product_839,Product 839,Electronics,86.32,No,57,4.0
user_840,product_840,Product 840,Furniture,317.02,No,55,1.7
user_841,product_841,Product 841,Books,256.33,Yes,31,1.1
user_842,product_842,Product 842,Electronics,20.93,Yes,98,4.8
user_843,product_843,Product 843,Electronics,164.7,No,62,4.3
user_844,product_844,Product 844,Furniture,27.95,Yes,77,1.5
user_845,product_845,Product 845,Clothing,388.31,Yes,83,3.9
user_846,product_846,Product 846,Groceries,208.89,No,67,2.1
user_847,product_847,Product 847,Groceries,469.76,No,25,1.7
user_848,product_848,Product 848,Furniture,399.71,No,81,2.8
user_849,product_849,Product 849,Clothing,493.8,Yes,94,4.5
user_850,product_850,Product 850,Furniture,488.32,Yes,66,3.6
user_851,product_851,Product 851,Groceries,67.95,No,37,2.0
user_852,product_852,Product 852,Electronics,78.32,No,87,3.8
user_853,product_853,Product 853,Furniture,189.04,No,51,2.4
user_854,product_854,Product 854,Groceries,200.65,No,16,1.0
user_855,product_855,Product 855,Electronics,49.7,No,55,2.5
user_856,product_856,Product 856,Groceries,406.06,No,47,2.6
user_857,product_857,Product 857,Electronics,347.92,No,62,2.5
user_858,product_858,Product 858,Clothing,44.19,Yes,95,1.1
user_859,product_859,Product 859,Clothing,284.89,Yes,78,1.9
user_860,product_860,Product 860,Furniture,416.88,Yes,34,3.7
user_861,product_861,Product 861,Electronics,359.17,No,56,4.6
user_862,product_862,Product 862,Groceries,345.17,Yes,40,1.2
user_863,product_863,Product 863,Electronics,281.68,Yes,25,4.9
user_864,product_864,Product 864,Groceries,345.7,No,58,1.6
user_865,product_865,Product 865,Furniture,12.35,Yes,81,3.2
user_866,product_866,Product 866,Groceries,8.23,Yes,12,2.8
user_867,product_867,Product 867,Furniture,348.05,Yes,47,3.9
user_868,product_868,Product 868,Books,429.69,Yes,96,3.5
user_869,product_869,Product 869,Clothing,10.91,No,51,4.1
user_870,product_870,Product 870,Furniture,354.65,No,10,2.7
user_871,product_871,Product 871,Furniture,434.18,No,74,2.0
user_872,product_872,Product 872,Electronics,49.51,No,93,4.7
user_873,product_873,Product 873,Electronics,143.47,Yes,68,4.6
user_874,product_874,Product 874,Clothing,467.99,Yes,80,1.6
user_875,product_875,Product 875,Clothing,313.58,No,80,2.2
user_876,product_876,Product 876,Electronics,286.15,Yes,61,3.0
user_877,product_877,Product 877,Groceries,273.22,Yes,49,1.6
user_878,product_878,Product 878,Furniture,350.59,Yes,48,1.8
user_879,product_879,Product 879,Clothing,233.12,No,5,2.8
user_880,product_880,Product 880,Clothing,161.46,No,2,2.1
user_881,product_881,Product 881,Clothing,357.47,No,90,3.9
user_882,product_882,Product 882,Electronics,363.14,No,31,3.6
user_883,product_883,Product 883,Furniture,293.57,Yes,77,3.7
user_884,product_884,Product 884,Furniture,197.22,Yes,70,3.9
user_885,product_885,Product 885,Books,332.26,No,84,2.6
user_886,product_886,Product 886,Clothing,382.63,Yes,14,3.7
user_887,product_887,Product 887,Furniture,5.41,Yes,50,2.9
user_888,product_888,Product 888,Furniture,64.22,No,75,3.7
user_889,product_889,Product 889,Furniture,161.25,Yes,79,4.8
user_890,product_890,Product 890,Furniture,351.93,No,6,4.9
user_891,product_891,Product 891,Clothing,385.68,Yes,88,2.9
user_892,product_892,Product 892,Electronics,292.6,Yes,7,4.7
user_893,product_893,Product 893,Clothing,88.61,Yes,32,4.2
user_894,product_894,Product 894,Groceries,353.66,No,26,2.9
user_895,product_895,Product 895,Electronics,123.06,Yes,48,1.7
user_896,product_896,Product 896,Clothing,222.89,No,15,4.5
user_897,product_897,Product 897,Clothing,429.55,No,99,2.3
user_898,product_898,Product 898,Groceries,477.77,Yes,33,1.1
user_899,product_899,Product 899,Furniture,193.3,No,18,4.0
user_900,product_900,Product 900,Groceries,449.88,Yes,18,4.8
user_901,product_901,Product 901,Groceries,100.28,Yes,69,2.1
user_902,product_902,Product 902,Groceries,461.96,Yes,53,2.4
user_903,product_903,Product 903,Groceries,302.64,Yes,28,4.5
user_904,product_904,Product 904,Electronics,19.13,Yes,62,3.3
user_905,product_905,Product 905,Books,140.01,Yes,26,3.1
user_906,product_906,Product 906,Electronics,494.72,Yes,84,2.1
user_907,product_907,Product 907,Books,72.45,No,37,2.3
user_908,product_908,Product 908,Groceries,204.24,No,45,4.5
user_909,product_909,Product 909,Furniture,139.5,No,13,4.3
user_910,product_910,Product 910,Books,203.29,No,9,2.7
user_911,product_911,Product 911,Clothing,227.01,Yes,16,4.7
user_912,product_912,Product 912,Electronics,327.96,No,33,2.7
user_913,product_913,Product 913,Clothing,189.16,Yes,97,3.1
user_914,product_914,Product 914,Groceries,452.12,No,34,4.7
user_915,product_915,Product 915,Furniture,442.14,No,68,1.8
user_916,product_916,Product 916,Books,220.54,Yes,87,2.0
user_917,product_917,Product 917,Groceries,99.19,Yes,32,2.5
user_918,product_918,Product 918,Groceries,463.51,Yes,81,3.6
user_919,product_919,Product 919,Furniture,21.63,Yes,5,3.9
user_920,product_920,Product 920,Groceries,342.68,Yes,61,4.4
user_921,product_921,Product 921,Furniture,9.94,Yes,70,2.6
user_922,product_922,Product 922,Electronics,129.58,No,100,1.3
user_923,product_923,Product 923,Groceries,62.26,No,13,1.5
user_924,product_924,Product 924,Furniture,316.75,No,43,4.8
user_925,product_925,Product 925,Groceries,429.17,No,42,1.2
user_926,product_926,Product 926,Groceries,94.44,No,80,2.5
user_927,product_927,Product 927,Groceries,492.93,No,89,3.6
user_928,product_928,Product 928,Groceries,397.08,No,36,2.2
user_929,product_929,Product 929,Books,330.75,No,77,3.2
user_930,product_930,Product 930,Electronics,177.46,No,5,2.1
user_931,product_931,Product 931,Clothing,277.18,No,44,3.1
user_932,product_932,Product 932,Groceries,331.84,Yes,72,4.5
user_933,product_933,Product 933,Furniture,63.04,No,18,4.9
user_934,product_934,Product 934,Groceries,270.76,No,41,3.8
user_935,product_935,Product 935,Books,226.72,No,28,1.6
user_936,product_936,Product 936,Groceries,268.86,No,72,2.1
user_937,product_937,Product 937,Groceries,60.76,No,76,2.6
user_938,product_938,Product 938,Groceries,259.72,Yes,70,4.8
user_939,product_939,Product 939,Furniture,308.05,No,32,3.6
user_940,product_940,Product 940,Groceries,304.41,No,7,4.3
user_941,product_941,Product 941,Books,276.92,Yes,40,4.4
user_942,product_942,Product 942,Electronics,204.4,No,63,2.9
user_943,product_943,Product 943,Books,63.41,Yes,6,1.2
user_944,product_944,Product 944,Furniture,81.95,No,70,4.1
user_945,product_945,Product 945,Electronics,167.73,Yes,4,2.9
user_946,product_946,Product 946,Furniture,23.05,Yes,3,2.6
user_947,product_947,Product 947,Books,481.69,Yes,70,4.8
user_948,product_948,Product 948,Clothing,390.74,No,58,2.6
user_949,product_949,Product 949,Furniture,198.54,No,5,2.0
user_950,product_950,Product 950,Electronics,53.29,Yes,36,4.9
user_951,product_951,Product 951,Electronics,223.23,Yes,34,1.3
user_952,product_952,Product 952,Electronics,204.33,Yes,35,4.4
user_953,product_953,Product 953,Furniture,182.28,No,16,1.7
user_954,product_954,Product 954,Electronics,108.04,Yes,87,1.9
user_955,product_955,Product 955,Books,392.09,Yes,96,3.8
user_956,product_956,Product 956,Books,217.53,No,71,3.1
user_957,product_957,Product 957,Furniture,465.94,No,88,2.7
user_958,product_958,Product 958,Furniture,437.25,Yes,75,2.0
user_959,product_959,Product 959,Groceries,376.82,Yes,9,3.2
user_960,product_960,Product 960,Furniture,440.64,No,42,2.1
user_961,product_961,Product 961,Furniture,277.55,No,33,2.9
user_962,product_962,Product 962,Furniture,380.1,Yes,38,4.0
user_963,product_963,Product 963,Clothing,379.72,Yes,17,3.8
user_964,product_964,Product 964,Furniture,493.22,Yes,88,2.1
user_965,product_965,Product 965,Electronics,490.49,Yes,70,1.0
user_966,product_966,Product 966,Electronics,124.32,Yes,83,3.0
user_967,product_967,Product 967,Clothing,26.48,No,44,3.2
user_968,product_968,Product 968,Clothing,197.2,Yes,53,1.8
user_969,product_969,Product 969,Electronics,282.94,Yes,57,2.0
user_970,product_970,Product 970,Clothing,371.84,No,40,4.8
user_971,product_971,Product 971,Books,347.13,Yes,15,4.9
user_972,product_972,Product 972,Books,425.49,No,72,2.9
user_973,product_973,Product 973,Groceries,80.73,Yes,80,3.0
user_974,product_974,Product 974,Electronics,295.39,No,81,1.1
user_975,product_975,Product 975,Groceries,429.26,No,8,2.7
user_976,product_976,Product 976,Electronics,214.6,No,94,4.2
user_977,product_977,Product 977,Clothing,70.62,No,15,3.7
user_978,product_978,Product 978,Groceries,481.04,No,47,4.5
user_979,product_979,Product 979,Furniture,254.56,No,72,2.6
user_980,product_980,Product 980,Furniture,156.46,No,72,2.5
user_981,product_981,Product 981,Furniture,477.69,No,78,4.3
user_982,product_982,Product 982,Clothing,51.17,Yes,41,2.8
user_983,product_983,Product 983,Books,231.58,Yes,65,1.4
user_984,product_984,Product 984,Clothing,113.57,Yes,74,1.5
user_985,product_985,Product 985,Furniture,415.88,Yes,39,4.9
user_986,product_986,Product 986,Furniture,393.33,Yes,16,4.6
user_987,product_987,Product 987,Furniture,265.11,Yes,99,4.9
user_988,product_988,Product 988,Groceries,114.35,No,53,4.2
user_989,product_989,Product 989,Books,322.02,No,17,4.2
user_990,product_990,Product 990,Groceries,360.39,Yes,40,3.8
user_991,product_991,Product 991,Electronics,341.17,No,90,2.8
user_992,product_992,Product 992,Books,78.38,Yes,27,1.1
user_993,product_993,Product 993,Furniture,311.5,Yes,11,2.7
user_994,product_994,Product 994,Clothing,38.03,Yes,35,3.0
user_995,product_995,Product 995,Groceries,429.73,Yes,20,4.5
user_996,product_996,Product 996,Books,203.2,No,74,2.0
user_997,product_997,Product 997,Furniture,355.16,Yes,26,1.7
user_998,product_998,Product 998,Groceries,362.76,No,79,4.1
user_999,product_999,Product 999,Books,315.2,Yes,92,4.7
user_1000,product_1000,Product 1000,Electronics,253.91,No,68,1.6
